text,true_label,pred_verbal,conf_verbal,correct_verbal,pred_logprob,conf_logprob,correct_logprob
"I actually just started crying while brushing my teeth due to lack of sleep, stress and test anxiety. Today's gonna be a good one... #not",1,1,0.95,1,1,1.0,1
#SchoolSystem Update #Textbook Lies to support #Evolution theory. #Tco...,0,1,0.95,0,1,0.9609375,0
"I feel faint after chasing a whippet and Lily, Libby, Gabby, Millie the cats who were playing chase in the garden #AintItFun !! #notfun",1,1,0.95,1,1,1.0,1
Just entered the @user competition for tickets to the final! Fingers crossed @user,0,1,0.95,0,1,0.92578125,0
@user returning my brand new ps4 thanks to your faulty security. #goodjob #not,1,1,0.95,1,1,1.0,1
I love when half the group is really committed and the other half just doesn't give a crap! #perfection,1,1,0.95,1,1,1.0,1
Hardest parking i've probably ever done! #screwyousmallparkinglot,0,1,0.95,0,1,1.0,0
"Decided I'd go to bed ""early"" for once. I've been laying here since 2 am. Yet the total amount of sleep I've had all week is 10 hrs. #irony",1,1,0.95,1,1,1.0,1
Always nice when a 40 year old man you don't know calls you pretty,1,1,0.95,1,1,1.0,1
"@user ""i feel bad for the American people, now we should invade their country in kill their children so we can save them""",1,1,0.95,1,1,1.0,1
"@user yup, more is definitely MORE! #fosho #merrycuteness",0,1,0.95,0,1,1.0,0
Pretty Shitty day I'm gonna be soaked and full of mud and clay #iliketogetdirty #notreally #sarcasm,1,1,0.95,1,1,1.0,1
I'm up early as I need to drive downtown to take a test bright and early this morning. Yay! #Torontotrafficisfun,1,1,0.95,1,1,0.9765625,1
I see Toledo made a good name for itself last night,1,1,0.95,1,1,0.984375,1
"Sometimes I wonder, am I the mouse, or am I the experimenter?",0,1,0.95,0,1,1.0,0
"..@Youtube : Keeping the big channels big, and the little channels irrelevant since 2014 . #GoodJob",1,1,0.95,1,1,1.0,1
Another new politician in the state with a social science degree and a liberal arts diploma... Just what we need  #greensfail,1,1,0.95,1,1,1.0,1
@user like a group of unsuccessful idiots who can't even manage to scrounge up a quarter? That's pretty cool I guess Chris,1,1,0.95,1,1,0.9609375,1
Christmas music on the stair master #SundayFunday,1,1,0.95,1,1,1.0,1
#finalsweekgotmelike Ugh. Make it stop. #finals #finalsweek #EWU,0,1,0.95,0,0,0.8203125,1
I'm glad Andy can tweet all day but not text me back.  #loved,1,1,0.95,1,1,1.0,1
@user Definitely not...racism is systematic and entrenched in every American institution..also in black/white binary construction,0,1,0.95,0,1,0.984375,0
"#notcies #eu European Council: Press conference by Donald TUSK, Jean-Claude JUNCKER,, and Matteo RENZI,",0,0,0.95,1,0,0.77734375,1
"@user Hey, he DOES have the word ""ban"" on his home page like two or three times though. #AcknowledgementIsFirstStep",1,1,0.95,1,1,1.0,1
"@user You were my cup of tea, but you were a total ass so I switched to coffee.✌️ 😂🙌",0,1,0.95,0,1,1.0,0
"@user @user .@SLMPD has warned @user about Bassem.Heck, they might already know him! #Ferguson #NYC",0,1,0.95,0,1,0.9921875,0
"Laborers in the San Joaquin Valley, one of the most productive farming regions in the world, suffer from food insecurity. #irony #poverty",1,1,0.95,1,1,1.0,1
@user 1/5th. Just like in the real world!,1,1,0.95,1,1,1.0,1
@user great Christmas.,1,1,0.95,1,1,0.6796875,1
"Love ya Jerry, but what the heck was that?",0,1,0.95,0,1,1.0,0
IS IT FRIDAY? *heavy sigh* Nooo. It Is totally Wednesday~! What a MESS. Wait 2 more days.,0,1,0.95,0,1,1.0,0
tough day in sun #kitsch#funny @ Costa Teguise Lanzarote,0,1,0.95,0,1,0.73046875,0
@user I think that was the joke.,1,1,0.95,1,1,0.9921875,1
"@user T-Mobile's CEO thinks the Apple Watch is going to be huge <-- I do, too.",0,1,0.95,0,1,0.96875,0
@user Probably a Nigerian.,1,1,0.95,1,1,0.8515625,1
#notcies #eu End to fish discards delayed - End to fish discards delayed Copyright EP 2013. From: Eu Reporter Vie...,0,1,0.95,0,1,0.8203125,0
Long Gold Layered Pipe Necklace Set $20|Leave email for invoice,0,0,0.95,1,0,0.8203125,1
Lol RT @user Wouldn't surprise me if Soldado bangs in a hatrick and we win 0-3 against Chelsea tonight .. The legend is back,0,1,0.95,0,1,1.0,0
When you show your valid 16-25 railcard and shes charges you full price anyway. Great service from Tamworth  @user,1,1,0.95,1,1,1.0,1
@user @user #not sure who will take it home?,0,1,0.95,0,1,0.984375,0
"The word ""Taliban"" comes from the root word ""Talib"" which means a student. |#PeshawarAttack #DeathToTaliban #DeathToISIS",1,1,0.95,1,1,0.8828125,1
@user @user 47% for Serie A ? Is this for real ?,0,1,0.95,0,1,0.9921875,0
@user Hope the header didn't mess up that barnet,0,1,0.95,0,1,0.92578125,0
@user This year's class picture is so awesome. Really awesome!  👊  hahahahaha 😂,1,1,0.95,1,1,0.9921875,1
"Dear Manila, I'm with your traffic twin - Bangkok! yahooo  @ Sirat Express way",1,1,0.95,1,1,0.96875,1
This history essay is literally shitting on me.,0,1,0.95,0,1,1.0,0
I have three test and a two dance performances tomorrow!!📚📖💃💃👯  #EasyDay,1,1,0.95,1,1,1.0,1
Now I see why this play wasn't reviewed. Because it wasn't even close.,1,1,0.95,1,1,1.0,1
I give people a break 2 say that without my supporting cast that none of my works would of made it is tosh. Did nobody get #Extras,1,1,0.95,1,1,0.9609375,1
i hate waking up in the mornings 😒#basicbrianna #not #an #early #bird,0,1,0.95,0,1,0.8515625,0
"I have a small jacket on , with a big coat for later , I'm back at the train stn going back into town  , work Xmas do #joy",1,1,0.95,1,1,0.9609375,1
"@user @user @user @user I'm off to visit great-nephew very ill, only 20  fair",0,1,0.95,0,1,0.95703125,0
wow they seem to be so turnt,1,1,0.95,1,1,1.0,1
Just got yelled at by proxy. It's going to be an excellent day. #sarcasm,1,1,0.95,1,1,1.0,1
The pure #reality of .,0,1,0.95,0,1,0.77734375,0
Hoar frost is challenging for some to spell.,0,1,0.95,0,1,0.8203125,0
Experts Doubt North Korea Hacked Sony « CBS Dallas / Fort Worth #hacker #hacked,1,1,0.95,1,0,0.73046875,0
"@user @user If you need a #dev #environmnet #then  #a #great #pick. For #regular #web #stuff, I #do #like #it",0,1,0.95,0,1,0.94140625,0
@user kabhi I'm messier than usual messy wesay 😣 I need chai & I'm resting for last 2 days. May be this is the reason.,0,1,0.95,0,1,0.984375,0
Oh god I just so happens that i love really LOVE slow internet #slowinternet,1,1,0.95,1,1,1.0,1
@user and he can't find himself a pair that would fit  🙈🙊🙊😂,1,1,0.95,1,1,1.0,1
Gotta love a Romanian playing an improvised version of jingle bells in a minor key. Really sets the festive mood. #not,1,1,0.95,1,1,1.0,1
@user I know ...,1,0,0.95,0,0,0.73046875,0
@user so ...still no response from @user #greatcustomerrelations,1,1,0.95,1,1,1.0,1
"Grace is a free spirited 8 yr old with the most humble heart. Aspiring model/actress, she also enjoys #piano and dance.Follow> @user",0,0,0.95,1,0,0.73046875,1
Gotta baps that hoe thou,0,1,0.95,0,0,0.5625,1
@user wow that's impressive...I have to force myself to go just as I will be doing later! #gymfanatic,1,1,0.95,1,1,1.0,1
Sorry this doesn't make any sense why make it even more tough? That's going to produce more players..,1,1,0.95,1,1,0.95703125,1
#America #continues to show us that it is  here for #BlackPeople even though,0,1,0.95,0,1,1.0,0
#TeenAnalCasting #Highway Highway 69 &#8211; Disturbed (Dedicated to a girl raped on 16/12/12),0,1,0.95,0,1,0.9921875,0
Just flossed and then ate right after #inconvenient,1,1,0.95,1,1,0.984375,1
"you do know the ""hands up, dont shoot"" thing has been proven FALSE right? @user @user",0,1,0.95,0,1,0.90234375,0
Lots if love for #Miranda,1,1,0.95,1,0,0.5625,0
"There's a reason I don't tell my parents anything, cause I always get THE most positive responses",1,1,0.95,1,1,1.0,1
@user rollins was so pissed off haha,0,1,0.95,0,1,0.73046875,0
"The last day of the year and I will be tweeting on my major highpoints of the year ...good, bad and ugly",0,1,0.95,0,1,0.62109375,0
"#Irony: ""The elections are not over zero VAT, but about whether there will be a Zionist or extremist country here"".",1,1,0.95,1,1,1.0,1
its only been 30 mins in class n i already wana kio myself .a.mornin.person,0,1,0.95,0,1,0.96875,0
@user oh so someone got in trouble for making fun of the people who behead innocent people...nice,1,1,0.95,1,1,0.9921875,1
Those were some great last minute substitutions @user,1,1,0.95,1,1,1.0,1
Can I get an AMEN??!,0,1,0.95,0,1,0.9765625,0
Well @user I watched'Making of' clip about Drive Rescored. Now I see how easily composers do it!  #,1,1,0.95,1,1,1.0,1
I've completed Day 3 of the 30 Day Ab Challenge workout. Join me and download the app at,0,1,0.95,0,1,0.8203125,0
How does #bigdata and #analytics look compared to the #cynefin cause/effect decision framework?,0,1,0.95,0,1,0.5,0
"Is ""I have to go...my gelding is struggling with dystocia"" a valid excuse...I just want to see the (lack of) reaction #whenyouseeit",1,1,0.95,1,1,0.984375,1
#TeenAnalCasting #VIRGIN VIRGIN ] cute teenage virgin playing in her hotel room in tight blue gstring underwear!,0,1,0.95,0,1,1.0,0
@user Can U Help?||More conservatives needed on #TSU + get paid 4 posting stuff like this!||YOU $ can go to,0,1,0.95,0,1,0.95703125,0
Gawd! I love 9am lectures and 4-6pm lectures.,1,1,0.95,1,1,1.0,1
@user if it got the attention of the smartass to comment that.. Didnt it work anyway?? #irony,1,1,0.95,1,1,1.0,1
@user @user I don't think I've ever seen Love Actually all the way through. I tried once last year. I don't remember it.,0,1,0.95,0,1,0.95703125,0
So that went well,1,1,0.95,1,1,1.0,1
"Looking for @user practitioners... Anyone out there, or recommendations?",0,0,0.95,1,0,0.6796875,1
Well it's always a good time losing at the Bay... @user @user @user,1,1,0.95,1,1,1.0,1
Yay for days off. #coffee #HarryPotter #christmasbreak #morning,0,0,0.95,1,1,0.77734375,0
@user hmmm interesting 'jury's out' but edging towards the right side of 'favourable' !! #hopethathelps,0,1,0.95,0,1,1.0,0
#indonesian#czech#mix#girl#with#my#boy#elvis#im#single by mcrodyn,0,0,0.95,1,1,0.5625,0
Trying to eat crackers on the quiet floor likeee.. Maybe if I chew slower no one will notice..#not,1,1,0.95,1,1,0.9921875,1
Can't wait to see that he has not talked to me and that he will never do it.,1,1,0.95,1,1,1.0,1
"@user @user Hmmm, Next year we'll be saying, teams that moved from SD to LA.",1,1,0.95,1,1,0.9921875,1
"Wow.. #shocker  RT @user Dick Cheney on CIA torture: ""I'd do it again in a minute""",1,1,0.95,1,1,1.0,1
I didn't know the story of Noah had transformers in it. Man the modern biblical tale killsssss it.  #whatarethelivingrockpeoplefor,1,1,0.95,1,1,1.0,1
Thank you @user  Requiring Facebook to participate in Twitch Chat is really a good way to push away interested players.,0,1,0.95,0,1,1.0,0
@user his daughter is painting his toes! That is a parenting WIN in my book.,0,1,0.95,0,1,0.9921875,0
"I guess Paul didn't have buns, hon. #EatenAlive #not @user",1,1,0.95,1,1,1.0,1
I always LOVED that my family was the last one to open presents,1,1,0.95,1,1,1.0,1
@user @user ^^^^ IMAGINE THAT? Never would have guessed,1,1,0.95,1,1,0.9921875,1
. which is why i've visited #pakistan as many times as i have .. sez @user,1,1,0.95,1,1,0.9609375,1
@user untrue - its Cutler's fault,0,1,0.95,0,1,0.95703125,0
AHHH WINNER AND EPIK HIGH. #2014MAMA,0,1,0.95,0,1,0.984375,0
@user @user @user Remember when Pres. spoke of how great America is and how strong we the people are if we work together?,0,1,0.95,0,1,0.984375,0
You are most welcome! Loved the post :D @user,0,0,0.95,1,0,0.96875,1
The #Gophers aren't nervous. #SammyCommentary #Gophers,0,1,0.95,0,1,0.9609375,0
The First NSFW Look At Jessica Cameron's MANIA via @user @user @user,0,1,0.95,0,1,0.62109375,0
How were your #holidays? We'd love to hear all about them!,0,1,0.95,0,0,0.77734375,1
Sorkin identified the 'attack on free speech' from Sony hackers before attacking the media for publishing the leaks  #SonyHack,1,1,0.95,1,1,0.96875,1
"@user but if you feel like it's relevant don't worry about the word limit man, at least you're doing it",0,1,0.95,0,1,0.984375,0
marty posts FACTS with PROOF you? you make shit up @user @user @user @user,0,1,0.95,0,1,0.77734375,0
Harry's literally such a good person it hurts my heart BYE #InternationalHarryStylesDay,0,1,0.95,0,1,1.0,0
@user @user #apologies *scoffs humble pie*,0,1,0.95,0,1,1.0,0
@user @user @user you talk about biased behavior. go read some of the paid articles about paycoin.,1,1,0.95,1,1,0.96875,1
"Everyone has got a selfie stick this year. I've had one for ages, just saying  #mainsteam #TrendSetter",0,1,0.95,0,1,1.0,0
Taking the Christmas lights down in the swamp will be a blast.,1,1,0.95,1,1,1.0,1
Don't you just love those people who won't shut up in class then hold everyone back by asking the teacher to repeat answers? #sarcasm,1,1,0.95,1,1,1.0,1
"@user @user @user @user #GamerGate , now with weaponized Ninjas. we trained with Assasins Creed.",1,1,0.95,1,1,1.0,1
When all else fails... #relationships #needs via @user,0,1,0.95,0,1,1.0,0
you have no argument because you're insane|@RBRNetwork1 @user @user @user @user @user,0,1,0.95,0,1,0.9609375,0
"@user Even though @user got more ex-wives than @user majors, I'm happy for that washed-up mess... #Not!! #Blocked",1,1,0.95,1,1,1.0,1
Over on CBS at noon is #BALvsMIA. FOX has #SEAvsPHI after the #Saints. #NFL,0,0,0.95,1,0,0.9921875,1
@user @user @user effigies of jesus or allah..... when she herself hadnt kept any of d hindu gods #irony,1,1,0.95,1,1,1.0,1
"@user Unless rogue theatres start showing it, or it gets sold online?",0,1,0.95,0,1,0.984375,0
When you're sick and you feel bad for your cells cause they're fighting hard for you. #blessed #appreciative #sarcasm #kinda,1,1,0.95,1,1,1.0,1
@user #sarcasm is a service I offer.,0,1,0.95,0,1,1.0,0
@user @user @user YES! Vote for SATAN (@HillaryClinton) in 2016!!!!,1,1,0.95,1,1,1.0,1
So much #sarcasm at work mate 10/10 #boring 100% #dead mate full on #shit absolutely #sleeping mate can't handle the #sarcasm,1,1,0.95,1,1,0.9921875,1
@user sounds like soooo much fun!,1,1,0.95,1,1,0.9921875,1
Those that are  #BritishRoyalty should Not presume #Titles or do any #PublicDuties,0,1,0.95,0,1,0.73046875,0
"But not a grocery store or pharmacy. Sensible.  ""@GRPress: Offices or apartments? owners of Monroe Avenue factory ponder options""",1,1,0.95,1,1,0.94140625,1
Yay I just love this time of the month...! #Sarcasm,1,1,0.95,1,1,1.0,1
"Thanks mom for all those lovely words, you just love to let me know how proud you are of me | #wordshurt",1,1,0.95,1,1,1.0,1
Oomf should be chowed in her mom's car,0,1,0.95,0,1,0.96875,0
"@user People who commit crimes, resist cops, or attack cops are endangering their own lives. No respect for law or other people.",0,1,0.95,0,0,0.6796875,1
I have to leave for school at 9am and I'm still in bed #fucktherain #wherearemyhunters #imgonnalooksocutetoday,1,1,0.95,1,1,0.9921875,1
The thing I love the most about coming into work early? Having everyone ask me why I'm here so early. Gets me every time.  #annoying,1,1,0.95,1,1,1.0,1
All hell is breaking loose... Ahhhh everybody freak out,1,1,0.95,1,1,1.0,1
@user Do you think Mary's parents believed the bubbemeinseh that she was still a virgin?,0,1,0.95,0,1,1.0,0
@user Grabe! Affordable na Affordable,1,1,0.95,1,1,1.0,1
Thanks bus. Thanks for telling me where I am. So helpful.,1,1,0.95,1,1,1.0,1
"Having a night in with Misha (she still needs twitter), chinese and movies all night #unilife #nightin",0,1,0.95,0,1,0.8828125,0
"Yo I got ten squad members in Khajo Chris said as he tears up...|""You ain't a gang member..."" Kevin responded |#thuglife",1,1,0.95,1,1,1.0,1
@user . #please email me captainpc@me.com or contact through DM myself or @user . #I #have #DM #Address #details #but #not#had#reply,0,1,0.95,0,1,0.73046875,0
"Oh materialism, how I've missed you.",1,1,0.95,1,1,1.0,1
It's not even 9 and I've already called the cops twice.. Damn I love my job 😒,1,1,0.95,1,1,1.0,1
Are sororities upset that their sisters are making their organizations look bad or that the world sees how some of them act?#SororitySisters,0,1,0.95,0,1,1.0,0
"so @user still waiting, my son is very happy enjoing his christmas gift ... i cant understand how u didn't prevent this ...",1,1,0.95,1,1,1.0,1
Girls who dip>>>,1,1,0.95,1,1,0.92578125,1
@user #NoodleScene anyone? He was so zen there. . Oh! wait! But #deadHenry and #bouncebackAnnie. Silly me! All makes sense now!,1,1,0.95,1,1,1.0,1
"Gotta go out with him and the third,forth,fifth...wheels.| #WinterThought",0,1,0.95,0,1,1.0,0
@user then later he snuggles up to The Royals with giddy glee #Irony,1,1,0.95,1,1,1.0,1
@user Minky Wale tail fritter for price of a bijoux flat in Port Talbot.,0,1,0.95,0,1,1.0,0
"@user oh brother, the bar for journalism is very high these days  @user why do you follow such retards?",1,1,0.95,1,1,0.984375,1
I'm a Victoria Secret model. It's such a secret not even Victoria knows.,1,1,0.95,1,1,1.0,1
Knock knock #sketchy #dignity #smile #funtimes #brotherskeeper #whosonfirst #holiday #shenanigans...,0,1,0.95,0,1,0.62109375,0
@user y r women considered inferior2men by society even wen in most of d families 2day men need women4decision making!  :D,1,1,0.95,1,1,1.0,1
"It's really #NOT #GOOD, too have the #REPUTATION for STEALING FROM GIRLS. @user & Mr. MASON,..expect a call,..(;",0,1,0.95,0,1,1.0,0
"Lucky I've finished all my coursework, revised super hard and feel super healthy. Two words...loving life.",1,1,0.95,1,1,0.9921875,1
Mens Football clearly know how to have a good time.....  #archiesday #anychanceofasocial,1,1,0.95,1,1,0.9921875,1
The #irony is anti state ppl will claim the little man (hacker) won when in reality the state won #sony,1,1,0.95,1,1,1.0,1
We buy into liberal individualism and see our individual fate as black people in no way linked to the collective fate-Bell Hooks #Ferguson,0,1,0.95,0,1,0.77734375,0
2 days off the next two weeks. 3 in the new yr. Love working over xmas.  #needthemoney,1,1,0.95,1,1,1.0,1
Come on #OrionLaunch - it's 1am in Australia. Us down-under #geeks need *some* sleep,0,1,0.95,0,1,0.9921875,0
I just love being wide awake at 4am,1,1,0.95,1,1,0.9921875,1
@user I'll just wait here :) :) :),0,1,0.95,0,1,0.6796875,0
@user u bragged all yr about having Peyton in 2 leagues only to get beat in the 1st round in both #irony 😂😂😂😂,1,1,0.95,1,1,1.0,1
why is there a hotdog on|http://t.co/2YQdPhfZKX???,0,1,0.95,0,1,0.96875,0
Nailed it  #yesimreadingthisbook #catsofinstagram #catstagram #ilovemycat #pawproject...,1,1,0.95,1,1,0.92578125,1
Jesus. I am watching too much #TheNewsroom... Look at me getting all #SonyHack sermonising...,1,1,0.95,1,1,1.0,1
"@user just check out the buttons, see what they do. And follow me back 😜",0,1,0.95,0,1,0.95703125,0
"Religion is unfounded, else, Allah would have saved the kids. . @user @user #PeshawarAttack #PakSchoolSiege",1,1,0.95,1,1,0.9921875,1
Watching Alison Jackson's portfolio of work #eurobest2014 seems she's cracked it. Celebrity + stunt = #viral #sarcasm,1,1,0.95,1,1,1.0,1
"Love how the adverts for the woman in black 2 say ""you won't sleep for weeks""...way to sell it to me 😳   #SheNeverLeft",1,1,0.95,1,1,1.0,1
Your cyber Monday sale got extended? No fucking way!  #stfu,1,1,0.95,1,1,0.984375,1
@user How do you score on someone?,0,1,0.95,0,1,0.984375,0
@user I swear we must be twins,0,1,0.95,0,1,0.94140625,0
Sweet United Nations video. Just in time for Christmas. #imagine #NoReligion,1,1,0.95,1,1,0.94140625,1
"Yeah, you're a grown up & at times feel very nostalgic towards your Bachpan. Iife's handiwork!!",0,1,0.95,0,1,0.984375,0
Time for my babies and I to take this medicine so we can get better😷,0,1,0.95,0,1,0.6796875,0
#Is #There #Too #Much to #Do or #Are #You #Not #Delegating #Enough ?,0,1,0.95,0,1,0.9921875,0
Remember that one episode Santana wanted to be a dancer but then forgot about it altogether. Good times. Good times. #Glee,1,1,0.95,1,1,0.984375,1
It's freezing out there & very hazy .... Just want to go home.,0,0,0.95,1,0,0.9921875,1
"@user @user Obamanomics: FS & Unemployment Insurance is ""economic stimulus"". FT to PT work frees us to follow our dreams.",0,1,0.95,0,1,1.0,0
Days when you just want everyone to leave you alone  #in #a #good #mood #noHunting,0,1,0.95,0,1,0.95703125,0
"#Its  #Over, Its Not Finished|Its Not Ending, Its Only The #Beginning When #God Is In It, #All #Things Are...",0,1,0.95,0,1,0.8515625,0
I've got a right thirst on... #NewsYearsEve,0,1,0.95,0,1,0.9921875,0
Wash hands with water? MOH is rubbing this on everyone's face? #irony,1,1,0.95,1,1,1.0,1
"@user you didn't make enough of a blót to Ullr (God of Hunting, Skiing, and I assume hockey).",0,1,0.95,0,1,1.0,0
Fighting over chargers is definitely how I wanted to start my day.😒 #not,1,1,0.95,1,1,1.0,1
Speed cameras in Whipton by village shops. & yes it Takes 5 police officers!! 🚔 #waste #of #money #does #not #take #five #individuals 😂🚨🚓,0,1,0.95,0,1,1.0,0
Everything You've Been Told About Copywriting is BS.,1,1,0.95,1,1,1.0,1
Yes it is much more logical to support criminals & attack police officers for protecting life & property. #HandsUpDontShoot,1,1,0.95,1,1,1.0,1
@user Yeah no I'm still laughing. It's not even that funny and I'm still laughing,0,1,0.95,0,1,0.9921875,0
I asked God to protect me from my enemies a long time ago .. short after I started losing friends  or #naah,1,1,0.95,1,1,1.0,1
"Here we go again, thanks to all that claim to cover WVHS hoop #NOT|Highlanders beat Parkersburg 76-75 on last second shot by @user",1,1,0.95,1,1,0.95703125,1
"@user yep, that's what they say.|",1,1,0.95,1,1,0.62109375,1
"As a girl,my reason not to put on makeup is I'm satisfied with my face,unlike you bitch!|| #winter",0,1,0.95,0,1,1.0,0
"@user it'll be ok, just get your TA to fix it!!",1,1,0.95,1,1,0.95703125,1
@user explains why Inter went all Calciopoli over Juventus...,0,1,0.95,0,1,1.0,0
Sweet jeebus! MT @user CryoSat & Jason-2 confirm very high to phenomenal seas generated by North Atlantic low,0,1,0.95,0,1,0.9609375,0
#New#color#new#beginning#new#goals#dont#giveup#never#life#should#be#easy @ skdar,0,0,0.95,1,0,0.92578125,1
History check anyone know what this is?,0,0,0.95,1,0,0.984375,1
@user my 7-year-old got it for me! I think Macy's,0,1,0.95,0,1,0.95703125,0
Yay for getting pink eye again!  #whyme,1,1,0.95,1,1,1.0,1
Who said that birthday girl can't celebrate the next day??? ☺️☺️ #celebrating #always #nighout #birthdaygirl...,0,1,0.95,0,1,0.984375,0
The world is such a smiley place. 😳,1,1,0.95,1,1,1.0,1
#Libby #Lane #appointment: #Women #bishops #debate  #over: The appointment of the Reverend Libby Lane as the...,0,1,0.95,0,1,0.92578125,0
: Historians collecting correct facts about wrong abuse. #Correct=#Wrong #FactAboutAbuse,1,1,0.95,1,1,0.9609375,1
Good thing I gotta work today 👍,1,1,0.95,1,1,0.9921875,1
Gotta love the sound of rain beating against the window on Christmas Day..  #whereswinter,1,1,0.95,1,1,0.90234375,1
Still awake sooo that's nice...,1,1,0.95,1,1,1.0,1
"#Mahathir, one of the godfathers of Asian values, Malaysians are ""stupid"", don't know how to run an airline #irony",1,1,0.95,1,1,1.0,1
That moment when the ad plays flawlessly but the video keeps buffering #irony #YouTube @user,1,1,0.95,1,1,1.0,1
It was a greaaaat night! ☺️😁,0,1,0.95,0,1,0.9921875,0
"I am also going to enjoy two beers, while sitting in my car. That is  illegal. What was done to me at USC Medical, and at Penn Mar, is.",0,1,0.95,0,1,1.0,0
#Sarcasm makes you mentally stronger. Which is very effective when dealing with emotional #stress and #fustration.|#funfact #WhatIfISay,0,1,0.95,0,1,1.0,0
It's funny to think that there are literally books out there for whatever you want to do in life (be a...,0,1,0.95,0,1,0.984375,0
@user @user I'm sure you're all inconsolable,1,1,0.95,1,1,0.9921875,1
": When some masseuses offer ""soothing"" massages the way reviewers offer stinging criticisms. #Masseuse=#Reviewer #Massage=#Criticism",1,1,0.95,1,1,1.0,1
@user @user Yes. I want to honor someone who died so I'll go steal a TV and Xbox and whatever else I feel entitled to,1,1,0.95,1,1,0.77734375,1
Even Soweto TV didn't bother to show these fvcken awards...useless to the bone..go figure,0,1,0.95,0,1,1.0,0
What else would you do on friday? |#TGIF  #8crap,1,1,0.95,1,1,0.9609375,1
I have #OTH playing in the back ground at work....ohhh #naughty :p but #FUN,0,1,0.95,0,1,1.0,0
lol drunk mom on Christmas is so fun...  #thisisadisaster ☺🔫🍸,1,1,0.95,1,1,1.0,1
Hey heyy!!!I....wanna be a rockstar #vscocam  hero #vsocam #hero #spiderman,0,1,0.95,0,1,0.96875,0
Yay time to clean....  so tired,1,1,0.95,1,1,1.0,1
"@user yeah I did, because it didn't show the convo and stuff, was gonna text it you but NO :)",0,1,0.95,0,1,0.9921875,0
Cramming 200+ psych pages into my brain even though we learnt that cramming isn't effective,1,1,0.95,1,1,1.0,1
@user Why not? The House Committee has been very informative thus far!!!  |#UniteBlue,1,1,0.95,1,1,1.0,1
#SocialMedia Where it's perfectly normal to talk to people in pictures !,1,1,0.95,1,1,1.0,1
"Since the tribunal was established 14 years ago, no complaint against the intelligence services has ever been upheld. #trustthesystem #not",1,1,0.95,1,1,1.0,1
Take me tooooo church #not,0,1,0.95,0,1,0.984375,0
Original Content is hard to come by. -Anonymous #writingtips  #quoteoftheday,1,1,0.95,1,1,0.95703125,1
Since when did train fare get so expensive?? Jesus! Might aswell of drove.... Shame I'm drinking,1,1,0.95,1,1,1.0,1
": When some archers fight with ""supple"" bows the way hoplites fight with stiff spears. #Archer=#Hoplite #Bow=#Spear",1,1,0.95,1,1,0.73046875,1
dats how u kno its winter,0,1,0.95,0,1,0.9921875,0
❓❓GOT MENTIONS ❓❓||#MGWV #AutoFollow #RETWEET #RTMUZZA #TEAMFOLLOWBACK #TFBJP #500aday #RT2GAIN ||⏩ @user ⏪| |WHOS WANTS TO BE NEXT?,0,0,0.95,1,1,0.5,0
@user @user world's greatest fans....,1,1,0.95,1,1,0.90234375,1
I just wrote a 13 page paper... I was awfully tired when I was writing it and now I can't sleep. #irony,1,1,0.95,1,1,1.0,1
So I heard a college dropout is offering a graduate from best College a jawdropping package!,1,1,0.95,1,1,1.0,1
@user One of those obvious when you see it but oh so clever ideas!! Glad you approved!,0,1,0.95,0,1,1.0,0
feeling well,0,0,0.95,1,0,1.0,1
Photo: Cheers! #vodka #mother #energy #drink #tipsy #on #one #drink #Cadbury  #alcoholic #Friday...,1,1,0.95,1,1,1.0,1
Take a look at those calves!!! 😎😎😂😂 ladies love the calves! #not #about #the #arms #its #about...,0,1,0.95,0,1,1.0,0
3rdeye Brand Has Designed The Accessory For Your Easy To Carry And Comfortable,0,1,0.95,0,1,0.5625,0
"Google scholarship application kept crashing in Chrome. Opened it in IE, finished application without incident. #irony",1,1,0.95,1,1,1.0,1
@user @user What does PTI do apart from whining?  #Youthiacrasy,1,1,0.95,1,1,0.9921875,1
@user @user How can you even keep up with all this great music?!,0,1,0.95,0,1,0.94140625,0
@user We study hard.. 📚🙊  #procrastinators 👯,1,1,0.95,1,1,1.0,1
"To be fair, DeBlasio only asked #BlackLivesMatter folks to stop protesting until the post-funerals. So police protesting him is cool.",1,1,0.95,1,1,1.0,1
My glasses are blinding me.,1,1,0.95,1,1,1.0,1
@user @user @user please reply to this gentleman on behalf of all of us here @user #jokles  #gotrealworktodo,0,0,0.95,1,0,0.5625,1
@user wtf thanks for saying bye,1,1,0.95,1,1,0.9921875,1
Kitty aaaaint happy #cat  #happy #today,0,1,0.95,0,1,0.8828125,0
so proud of my artwork 💖😇 #proud,1,1,0.95,1,1,0.984375,1
"@user I don't think, I know x",0,0,0.95,1,1,0.94140625,0
7:52am (too damn early) in South Carolina.. What a shitty state to  be proud of,0,1,0.95,0,1,0.9921875,0
@user @user Yes I remember a little. But then an entirely new lineup came in? Is that what happened?,0,1,0.95,0,1,0.8203125,0
"Well done @user you're doing a great job  ""@SkyNews: A&E Waiting Times Worst Since Records Began",1,1,0.95,1,1,0.94140625,1
"@user I've had three boys, breastfed them all for about a year each and never had to do it out when I was out!  necessary",0,1,0.95,0,1,0.62109375,0
Stop being the fan. And be the person blowing minds.,1,1,0.95,1,1,1.0,1
"@user He's been half paced all season, Henderson would be a bigger loss",0,1,0.95,0,1,0.9609375,0
"@user @user @user @user @user Yes, you are but it also shows your ignorance , and hate.",0,1,0.95,0,1,0.73046875,0
#TeenAnalCasting #Sex Sex and the City 2 Movie Casting Auditions NYC Summer 2009,0,1,0.95,0,1,0.9921875,0
!!! RT @user Of all the places to get stuck in a traffic jam,1,1,0.95,1,1,0.95703125,1
@user great story about the student trying to get the teacher fired!!#sarcasm#moron#storywasstupid,1,1,0.95,1,1,1.0,1
We're on t'last train @user @user #wemarchon #saintsfc,0,0,0.95,1,0,0.90234375,1
You are so cool!,1,1,0.95,1,1,0.94140625,1
Still time to enter our @user planner giveaway courtesy of @user & @user #bbloggers #lbloggers,0,0,0.95,1,0,0.90234375,1
Mom: how about we bring your physical trainer Dunckin' Donuts. |Yes.. bringing donuts to a fitness fanatic would make perfect sense,1,1,0.95,1,1,1.0,1
First photos of the Infiniti Vision GT concept emerge,0,0,0.95,1,0,0.96875,1
"That's me, the infamous pepper shaker replacer.",1,1,0.95,1,1,1.0,1
@user @user I can sign you in as my guest....,0,1,0.95,0,1,0.5625,0
Equal justice for all...unless you are Black during the Obama administration. via @user,0,1,0.95,0,1,1.0,0
Hey everyone... I want this as a Christmas gift :) Can you send me one? @user #GTX980,0,1,0.95,0,1,0.90234375,0
I love context and large ensemble Fridays!!!!! Der my most favourite #Sarcasm #GetTheFuckOut,1,1,0.95,1,1,1.0,1
2 1/2 hour nap then up for a ct scan at the hospital. perfect timing.,1,1,0.95,1,1,1.0,1
"He looks a decent bowler. Not really a 5th bowler, but, in a balanced side potentially 6th bowler Styris on HSohail. #pakvnz",0,1,0.95,0,1,0.92578125,0
"@user @user ""I can't look at a bridge without crying now.""",0,1,0.95,0,1,1.0,0
@user It's so the speaker remembers their talk's over. Otherwise how would they know? #sarcasm,1,1,0.95,1,1,1.0,1
Pre work shenanigans lmbo alissamarie_b #letswork  #kiddingnotkidding #funtimes #sheseriouslyrocks,1,1,0.95,1,0,0.5625,0
@user his song Angel of Death is a good one. It has lyrics bashing the Vatican,1,1,0.95,1,1,0.92578125,1
The joy I have for overnight stakeouts,1,1,0.95,1,1,1.0,1
My fingers smell like lavashak :),0,1,0.95,0,1,0.9921875,0
Reading about Barack Obama in the Barack #Obama plaza #moneygall oh the,1,1,0.95,1,1,1.0,1
If this year wld be filled w all these rainy days it wont be so cool a cool way to start e year,0,1,0.95,0,1,0.984375,0
"If you wanna look like a badass, have drama on social media #not",1,1,0.95,1,1,0.9921875,1
'nuff #Bob #Couldn039t #Not #Repin #Ross #tattoo|Please RT:,0,1,0.95,0,1,0.90234375,0
Oh how I love listening to Fox News in the background while opening presents.,1,1,0.95,1,1,1.0,1
The thought of work tonight really kills that Friday feeling.,0,1,0.95,0,1,1.0,0
@user @user @user Missed off the  hashtag?,0,1,0.95,0,1,0.94140625,0
Fucked up.  in the mood at all,0,1,0.95,0,1,0.5625,0
"YOU are violent, it shows in your tweets @user @user @user @user @user",0,1,0.95,0,0,0.6796875,1
@user @user I'd prefer the slew of #Ferguson protestors across the US...they stop traffic shut dwn bridges,0,1,0.95,0,1,0.90234375,0
Forgot to enter #sarcasm,0,1,0.95,0,1,1.0,0
@user no one really says that,0,1,0.95,0,1,0.73046875,0
"@user Nah, it's better we all act like the North Korean govt and police people's private thoughts.",1,1,0.95,1,1,1.0,1
And then my sister should be home from college by time I get home from babysitting. And it's payday. THIS IS A GOOD FRIDAY,0,1,0.95,0,1,1.0,0
@user We should monitor them...,1,1,0.95,1,1,0.6796875,1
@user @user well aren't you the brightest bulb in the chandelier?,1,1,0.95,1,1,1.0,1
Security Engineers are not Security Guards. :| #Hackers  #security,1,1,0.95,1,1,1.0,1
also sick names,1,1,0.95,1,1,0.8203125,1
I'm not usually a fan of anything #pumpkin or #pumpkinspiced but OMG. These are the best cookies I've...,0,1,0.95,0,1,1.0,0
Body Language for Confidence - the easiest thing you can do to make a difference: via> @user,0,0,0.95,1,0,0.5625,1
"@user why yes, because being some man's property is such a privilege  @user   #ironagethinking",1,1,0.95,1,1,1.0,1
John Stockton in a commercial?!! Holy crap! #NBABallot,0,1,0.95,0,1,0.9921875,0
"#notcies #eu Liverpool workers ""miscarriage of justice"" victims",0,1,0.95,0,1,0.984375,0
"I don't know why it's so fun, but it is. cx I could probably think and find out, but yeah. No. xD",0,1,0.95,0,1,0.8203125,0
go subscribe @user on youtube for good music,0,1,0.95,0,0,0.90234375,1
Ma thing,1,0,0.95,0,0,0.8828125,0
"Is it wrong of me to not want to read about horrible things in this world, just for one day?",0,0,0.95,1,0,0.9765625,1
@user I'm getting to notifications though. I know we up but only by 10. We playing bad?,0,1,0.95,0,1,0.92578125,0
One more week then back to Sudbury I go!❄️ @ Lake Nepahwin,0,1,0.95,0,1,0.73046875,0
"@user I think being gay is wrong, its like people chose to be gay just to piss off the magic old man that lives in the sky",1,1,0.95,1,1,0.8203125,1
Why is paper so sharp? Someone should put a ban on paper!  #liberalmentality,1,1,0.95,1,1,1.0,1
@user @user yeah & we wont talk about how the bodies of the 2 cops killed in BK were ambulanced immediately. Elitism at its finest.,0,1,0.95,0,1,1.0,0
I think tori is actually my favorite human being on this earth tbh,0,1,0.95,0,1,0.96875,0
HAPPY BIRTHDAY BECCA. I just looked through ALL of my pictures which you know is a ton and found my...,0,1,0.95,0,1,0.9921875,0
Getting ready to ship surplus ink cartridges out to Nunavut communities- yup that's a great use of time/resources! #sofulfilled,1,1,0.95,1,1,1.0,1
Thank goodness the holiday help at work is no more! I just love it when they think they know more than you  #annoyed #relieved #gone,1,1,0.95,1,1,1.0,1
"I'm officially making today ""Single men get a smoothie"" day because that's who my customers have been all day.",0,1,0.95,0,1,1.0,0
"If there was no #CFBPlayoff this year, would there really be an argument against #ALAvsOre for a #NationalChampionship? Shouldn't be.",1,1,0.95,1,1,1.0,1
This is definitely me! 😁|#me #sarcastic #sarcasm #ecards #ecard #somecard #tease #funny #lol...,0,1,0.95,0,1,1.0,0
"All I want for Christmas is..the complimentary coaster offered by the title insurance company if I generate a ""Quick Quote"" to myself.",1,1,0.95,1,1,1.0,1
@user @user Putting 123 between Muhammad and Ali? I find your own twitter ID quite blasphemic and offending,1,1,0.95,1,1,0.9921875,1
Had to take a #PatioPics - snow falling still. This was totally clear when I went to sleep. #WCCO,0,1,0.95,0,1,1.0,0
ruling party in power#central#state#misusing their power#PM speaking only in foreign parliment#pm to visit out side india during session,0,1,0.95,0,1,0.9921875,0
Love being called into work on my morning off after not even 6 hours of sleep.  #thanks #splitshift,1,1,0.95,1,1,1.0,1
Those Amarillo hops make it just right #goldilocks - Drinking a Tour de Fall @ Memphis' Pint & Dram - #photo,0,1,0.95,0,1,0.8828125,0
"@user Hi! I have just received a photo of my dear parcel from China, amazing he is travelling around the world!!",1,1,0.95,1,1,1.0,1
@user @user Shit! I better shut my stupid girly mouth because im so concerned about what men might think of me.,1,1,0.95,1,1,1.0,1
then there's this @user @user @user @user @user,0,1,0.95,0,0,0.8203125,1
Boone Pratt- The Evolution Will Be Televised (Directed By Devin Gibson o...: via> @user,0,0,0.95,1,0,0.62109375,1
"I before ""E"" except after ""C,"" right? What about in ""W-E-I-R-D?""  #Tshirt #RulesWereMadeToBeBroken?",1,1,0.95,1,1,1.0,1
@user or maybe she just drips herself to death lol,0,1,0.95,0,1,0.9921875,0
Company profile FORGET ME NOT PET CEMETERY - #FORGET #ME #NOT #PET #CEMETERY,0,1,0.95,0,1,0.5,0
@user Why? He has draft pick compensation tied to his name and is only six months younger.,0,1,0.95,0,1,0.95703125,0
Love #hiphop mix tapes or have a mixtape to promote check out follow them on twitter #undergroundhiphop,0,0,0.95,1,0,0.90234375,1
"If you drag yesterday into today, your tomorrow cannot be what it was meant to be. Let. It. Go. #BringOn2015",0,1,0.95,0,1,0.96875,0
@user @user @user How dare you accuse me of being a boomer.,0,1,0.95,0,1,1.0,0
Favorite @user if you love Romance Novels. #Love #Drama #Romance,0,1,0.95,0,1,1.0,0
"Can we trade McCain? Biden helps Republicans more than McCain. In any other time, McCain would be a Democrat. |",0,1,0.95,0,1,1.0,0
"@user Things to complain about on Christmas day. I have a pimple in my ear"" @user #ThanksObama""  #LegitReasonToComplain",1,1,0.95,1,1,0.9921875,1
Its a marshmallow world in the winter 🎶 #getthisoutofmyhead,0,1,0.95,0,1,0.9921875,0
I'm glad the DC Council has it's priorities intact...  #DC,1,1,0.95,1,1,0.95703125,1
My dogs like to be nice and toasty while relaxing at home #adorable #puppy #socute #icant,0,1,0.95,0,1,0.94140625,0
So excited to spend the next 12 hours at school.,1,1,0.95,1,1,0.9921875,1
@user me and you are the only ones that love it 😆🎅🎉🎶,0,1,0.95,0,1,0.984375,0
"Song of the Day: ""The Lights and Buzz"" - Jack's Mannequin.",0,0,0.95,1,0,0.984375,1
Storm coming! #todayimloving,1,1,0.95,1,1,0.9921875,1
Imagine an imaginary menagerie manager managing an imaginary menagerie.,0,0,0.95,1,0,0.90234375,1
@user plus my memory is short and I deleted all those pic you shared. Boom.,1,1,0.95,1,1,1.0,1
"Always gonna be an uphill battle, sometimes I'm gonna have to lose.",0,0,0.95,1,0,0.8203125,1
I'm hungover and I'll end up staying up until 4 :'(,0,1,0.95,0,1,0.9921875,0
@user u know that. How u doing??,0,0,0.95,1,0,0.9921875,1
My christmas gift... i have sweetest friends :) #blessed,1,1,0.95,1,1,0.8203125,1
"$BIDU up 2%. Officially announced Uber stake. $BIDU has market cap of $78.6 billion. Uber should top that in next VC round, right?",1,1,0.95,1,1,1.0,1
Cannot wait to be home but gonna miss alot of people 👎 ah roll on the new year 👍 #sligowillbehithardagain,0,1,0.95,0,1,0.94140625,0
She's got something you just can't trust|It's something mysterious....,0,1,0.95,0,1,0.95703125,0
"@user ha yeah which is your opinion, which like mine, means nothing ;) they're in.",0,1,0.95,0,1,0.8828125,0
What do you call a Chinese millionaire?,0,1,0.95,0,1,0.984375,0
The quest for #GoSupersonic tickets continue -_-,0,1,0.95,0,1,0.9921875,0
"The UofL student ticket policy is such a well thought out plan, good job SGA.  #ihateyou",1,1,0.95,1,1,1.0,1
posting any tweet doesn't mean i don't use twitter !,0,1,0.95,0,1,0.9921875,0
"The funky taste of chocolate with the Chunky Monkey all just in a cup .|| George of the Jungle,Cup and a Lick",0,1,0.95,0,1,0.92578125,0
"@user no , not anymore. 😣",0,1,0.95,0,1,0.6796875,0
"@user ok thanks,one more question: does a Computer Scientist take the same salary as a Computer Communication Engineer?",0,1,0.95,0,0,0.77734375,1
Oh sprints I love you,1,1,0.95,1,1,0.9921875,1
"Walking down the mall in front of a group of guys and hear ""even the momma got it"" Jesus lol everyone loves polly",0,1,0.95,0,1,0.9921875,0
Everyone wants the truth but nobody wants to be honest... #irony,1,1,0.95,1,1,1.0,1
@user @user in the paper that supported the blackshirts.,0,1,0.95,0,1,0.94140625,0
"is that @user calling that show a train wreck.  Way to respect the guest, guys",1,1,0.95,1,1,1.0,1
The  of taking a break from reading about #socialmedia to check my social media.,1,1,0.95,1,1,0.9921875,1
"@user (281): If I had feelings, you would have hurt them.",1,1,0.95,1,1,1.0,1
@user yeah that's it,1,0,0.95,0,0,0.9921875,0
"@user Aww, you poor thing, I feel so bad for you being in sunny Florida. I don't know how you can handle it!  ;)",1,1,0.95,1,1,1.0,1
"Prediction: Erv Santana will be disinterested in playing for the Twins in 2015 too... (aka, we didn't offer enough)",0,1,0.95,0,1,1.0,0
"So I may have had a ""few"" empties to recycle... ♻♻ |I ❤ #craftbeer",0,1,0.95,0,1,1.0,0
Nothing beats a surprise Tetanus shot at the doctor's office. #blessed,1,1,0.95,1,1,1.0,1
"The word ""#Trust"" coming out of the mouths of #Holder or #Obama is just rich with  and #hypocrisy. #IRS #racebaiters",1,1,0.95,1,1,1.0,1
"@user @user Me and Cam Newton will be engaged by the end of this year just wait on it lmao"" BYYER FOOLISHA""<<good night",0,1,0.95,0,1,0.8515625,0
Cause I love going to bed alone every night.. #not,1,1,0.95,1,1,1.0,1
"Wassup buddy....hows everything. ..will look for you ""@EduMkareThaDj: @user boss kupotea nayo..Acha hizo #notcool bro """,0,0,0.95,1,0,0.8515625,1
@user I can't wait :) Enjoy your Christmas!,0,0,0.95,1,0,0.77734375,1
@user Love randomly waking up at 5:43 am  me everyday multiple times 😒😒,1,1,0.95,1,1,0.9609375,1
"EXO COMING SOON 2015||Better pray this is better with 10 members *sighs* But either way, obssessed fans would still be obssesed ._.",0,1,0.95,0,1,1.0,0
Tiger Woods Is Now Hero Group's Global Brand Ambassador #brand #buzzfeed |Read Story:|http://t.co/ImJof1p8E5,0,1,0.95,0,0,0.5625,1
And the day started civilised #appointments#road trip #bestdayever #neverlaughed as much... Tks to...,0,1,0.95,0,1,0.9609375,0
Double dance with the boys is what makes a Monday worthwhile,1,1,0.95,1,1,1.0,1
Loving how dominant the SEC is #Pause ..... #Not,1,1,0.95,1,1,0.9765625,1
@user Aren't humans the ones who are playing the sport?,1,1,0.95,1,1,0.8203125,1
@user but you can't expect us to hire one in only 3 weeks. Who moves that quickly on a coaching search? #sarcasm,0,1,0.95,0,1,1.0,0
"Dirgahayu my corps @user 16/12/1986 - 26/12/2014 😎🎼👏👊| just a corps, we... (w/ Tari, eni, & 26 others) [pic] —",0,1,0.95,0,1,0.95703125,0
Simply having a wonderful christmas time :D,0,1,0.95,0,1,0.984375,0
Gonna be the shittest Christmas ever without my mum.. Gonna get so drunk 🍹🍹🍹🍹🍹🍹,0,1,0.95,0,1,0.96875,0
You know you love an author when you figure out how a book ends long before it does but can't wait to see how the author actually ends it,0,1,0.95,0,1,1.0,0
One from her please *cries*,0,1,0.95,0,1,0.92578125,0
@user Cheers bro! Top man 🙋,0,1,0.95,0,1,0.9609375,0
And after being up for over 24 hours I'm finally getting some freaking sleep.. #HappyHolidays  #AlwaysWorking,1,1,0.95,1,1,0.8515625,1
Wow I'm seriously dying here 🙈🙈,0,1,0.95,0,1,0.96875,0
"@user @user the cop also had prior misconduct charges. But, ya know, that's ok #sarcasm",1,1,0.95,1,1,1.0,1
@user did your python tweeter send that?,1,1,0.95,1,1,0.77734375,1
"@user yep, overall it was a great show live. ending of the TLC match was fubar, and the stairs match was terrrible.",0,1,0.95,0,1,0.73046875,0
@user Ucan MAKE MONEY #TWEETING this info w/ new app||http://t.co/Q2WB7riAvK <-News ||https://t.co/cpJZkEgNe7,0,1,0.95,0,1,0.5625,0
@user @user def understandable.i'm ok with that. trying to find anything up here on this has been impossible.,0,1,0.95,0,0,0.62109375,1
is when someone has been quite vocal against liberals but at the same time supports @user :),1,1,0.95,1,1,1.0,1
big up @user 4 ur post When cunts run through your photos😒 #its#a#struggle#its#a#problem check da n...,0,1,0.95,0,1,0.77734375,0
"if Christian expects Fifa to sleep in my bed with me tonight, he's wrong 👿",0,1,0.95,0,1,0.9921875,0
"#GapeLand #Super-sweet Super-sweet Lilli is simply adorable with her all-leg,&#8230;",0,1,0.95,0,1,0.9765625,0
@user I need a new job so I can read books again. I miss reading. Being an English teacher really gets in the way of reading.,1,1,0.95,1,1,1.0,1
This is what we called OTAK LETAK KAT LUTUT.|#melayu |,0,1,0.95,0,1,0.984375,0
Well my mornings going very nicely😊,1,1,0.95,1,1,0.90234375,1
i just loveee bein short and having my sweatpants go all the way under my feet its so fun... 💩,1,1,0.95,1,1,1.0,1
A year ago|my cat was hit by|a car.... this is him|today. is a great quote,0,1,0.95,0,1,0.77734375,0
"@user though, I suspect you don't actually care about the truth, so whatever, go troll someone else ;-)",0,1,0.95,0,1,1.0,0
so glad I came to work at 7:30am for all the customers that are here!!!!!! #not #itsdead,1,1,0.95,1,1,1.0,1
Well throwing up at 6:00 am is always fun ☺|,1,1,0.95,1,1,1.0,1
@user  a#chance#till#January! #this is so good #you always make me#smile,0,1,0.95,0,1,0.8828125,0
"Besides some overpriced holiday candles, I haven't seen one #CyberMonday deal worthwhile today. Brutal.",0,1,0.95,0,1,1.0,0
What a B.E.A.utiful day in Scotland!! :) #rain #gales  lol,1,1,0.95,1,1,1.0,1
.@Moz @user Woot woot! Whiteboard Friday's are my favorite Friday activity!,0,1,0.95,0,1,1.0,0
"#A #TERROR #ORGANIZATION .... #Hamas man killed, 3 injured in ""suspicious explosion"" in #Gaza #Israel",0,1,0.95,0,1,0.8203125,0
About to write my math final really excited  #somethingrandom,1,1,0.95,1,1,1.0,1
@user Loughton.. And some in Basildon what about u?,0,1,0.95,0,1,0.5,0
Watching VT and Cincy - qb for VT with (GODS) down left arm (GIFT) down right arm. - #irony #howmanygods #punctuationmatters,1,1,0.95,1,1,1.0,1
#TGIF oh just kidding I have 30 mins from one job to the next. love 12 hour days. #serverlife #sarcasm #nolife,1,1,0.95,1,1,1.0,1
I'm so afraid.,1,0,0.95,0,0,1.0,0
It has #not #been #seen www.MonsterMMORPG. com since. progoneate follow @user #mariland,0,1,0.95,0,1,0.5625,0
"@user @user You're #not familiar #with Matt Busby, #then. Lol.",0,1,0.95,0,1,1.0,0
"I love seeing a guy go 50 and texting in a school zone, #soproud  #gpabdrivers",1,1,0.95,1,1,1.0,1
"#FergusonRiotTips Remember, the only way ppl listen is if you burn down their stores||#Ferguson #VitoandVito #WAARMedia #tcot #ycot",1,1,0.95,1,1,1.0,1
@user Looking back on Saturday night like... @user You about Thursday 😂,0,1,0.95,0,1,0.95703125,0
#NBA players #NY support protests of #police killings/sure #money donations for #college WB coming,1,1,0.95,1,1,0.9921875,1
Just realized that the name of the comic sans' creator means asshole in French #nooffense,1,1,0.95,1,1,1.0,1
You can have the prettiest face in the world but stretch marks will ruin it all for me.,0,1,0.95,0,1,1.0,0
#Australia -- Eight #children #killed in Australia in #reported #mass #stabbing. via @user,0,1,0.95,0,1,0.92578125,0
"The counter argument... RT @user If OSU lost last night, Baylor would be in & we'd all be talking about benefits of no Big 12 champ.",0,1,0.95,0,1,0.96875,0
Double standards are always a fun thing,1,1,0.95,1,1,1.0,1
"@user Two years ago i got binoculars from my parents cause I needed to look to the future, I was like cool 😂😂😂 tweet of the year",0,1,0.95,0,1,1.0,0
@user The day one of him minions was carrying a sign saying my mother was fat was one of mine.,1,1,0.95,1,1,1.0,1
Today is a fabulous day  #Work #Ugggh,1,1,0.95,1,1,0.9609375,1
They working me so hard tonite,0,1,0.95,0,1,0.5,0
The excitement for #EVC14. |Follow @user answer simple questions and win passes for the gig. |#GetEnchanted,0,1,0.95,0,1,0.9609375,0
Wow I love school,1,1,0.95,1,1,0.92578125,1
@user @user but she was white!.IOW guilty of racism by fact of skin color.#Ferguson taught me that.,1,1,0.95,1,1,1.0,1
@user Won't our national hockey expert at 24 Sussex Drive join you??,1,1,0.95,1,1,0.9921875,1
@user your #ambition is #amazing.  #saintsfc enjoy exit from #ChampionsLeague,1,1,0.95,1,1,0.9921875,1
.@tomorrowstand Yup. That's exactly how we do it,1,1,0.95,1,1,0.96875,1
#Fact: #StarTrek adult onesie meets clothing requirements 4 Walmart employee. Just put on yr vest & a smile.,1,1,0.95,1,1,1.0,1
Anybody using their rights to protest legally gets the law thrown at them. & the ones who do the crimes don't. That's #Irony #NotJustice,1,1,0.95,1,1,1.0,1
Just paid $2.59 for gas! #ThanksObama #sarcasm,1,1,0.95,1,1,1.0,1
@user I get paid 4 posting stuff like this on TSU! ||YOU CAN TOO! go to #FOLLOWBACK,0,1,0.95,0,1,0.984375,0
@user @user there are more lawful ways the lawmakers whould av gone about gaining entrance not by breaking the law  kind of,1,1,0.95,1,1,0.9921875,1
More than word just in this selfie .. The Egyptian legends. |#BestSelfie2014 |,0,1,0.95,0,1,1.0,0
"the people #BillCosby looked down upon are ones coming to his defense. This isn't about race,it's about rape!",1,1,0.95,1,1,0.984375,1
Can't wait for my 7:30am #dental appointment tomorrow!|Oh time please speed through today! !,1,1,0.95,1,1,1.0,1
Done to much again,1,1,0.95,1,1,0.92578125,1
Tripped over my own feet three times in the hall #soclumsy,0,1,0.95,0,1,0.9609375,0
What a difference 4 years makes #bestfriends  #changed #one #bit @user,0,1,0.95,0,1,1.0,0
We hold these kids back.....  #RUT340,1,1,0.95,1,1,0.8828125,1
It's snowing in Chicago #whitechristmas #not,1,1,0.95,1,1,1.0,1
@user @user @user but of course it was. Cops could shoot a black man in front of a hospital & I bet you he'd still get no aid.,0,1,0.95,0,1,0.9921875,0
Left home at 7.30am and still trying to get to work. I just want to cry!! #happymonday,1,1,0.95,1,1,1.0,1
"Rush rush rush, all done and then POW, a football through the window.#glasseverywhere #boyswillbeboys",0,1,0.95,0,1,1.0,0
I had the best New Years!!!! Spent it with the people I love & I fucking loved it! 😍 Such a happy camper right now! 😝💚❤️,0,0,0.95,1,0,1.0,1
"Day off should be snuggled on the sofa doing nothing..... But alas I have Errons to do so trying up drag myself out of bed,  happening",0,1,0.95,0,1,0.9609375,0
@user All #U Can Do Beautiful Is Your #BEST Winning Is  Important Taking Part & Having Fun Is What Matter's :-),0,1,0.95,0,1,0.73046875,0
Us Looking Sexy  #MehRockingMyBluMonsoonT-shirt,1,1,0.95,1,1,0.9765625,1
Fries With That 304 #AlabamaStateMajors,0,0,0.95,1,0,0.8828125,1
"@user #SC3stars CARDALE JONES. Third string QB, Big10 Champion and MVP.",0,1,0.95,0,1,1.0,0
What normal people see vs. what I see @user,0,1,0.95,0,1,1.0,0
"@user nm, I'm silly and didn't see the website.",0,1,0.95,0,0,0.8828125,1
@user bruhh I just saw a license plate that had the letters FDB 😂,0,1,0.95,0,1,0.90234375,0
GET AHT A TAHN!|The Made in PGH Gift Guide via @user,0,1,0.95,0,1,0.8828125,0
#sotrue #ihavenolife #misshim #lovehim #haveabetterone #Justin #no  #justinbeiber by grandtheftauto_five_troller,0,1,0.95,0,1,0.94140625,0
@user Who France? Impede free market capitalism? Socialists? No... not France... #shocker  #Uber rocks. Suck it France.,1,1,0.95,1,1,1.0,1
"Myself and @user having to walk to Civic Offices to get bus muttering to ourselves""wouldn't you think they'd pay their water""",1,1,0.95,1,1,1.0,1
#NOT ALL 👌 There good & bad in every occupation & race 📚📖 #Stop Labeling #Not All 💡,0,1,0.95,0,1,0.984375,0
Omg @user didn't tell @user he was in town 😱 #trueFriend,1,1,0.95,1,1,1.0,1
#np #NowPlaying #NowListening #Music  Of Dying On Your Birthday by #Senses Fail from the #album: #Let It E...,0,1,0.95,0,0,0.6796875,1
"@user NO, there 'only' are some Finnish #snipers, working with the fascists in Kyiv! Nice guys, !",1,1,0.95,1,1,1.0,1
8ams are just so lovely.,1,1,0.95,1,1,0.96875,1
I take blazing hot showers so I can get used to burning in the pits of hell. #ifitsreal,1,1,0.95,1,1,1.0,1
@user I was only clarifying for my LEGION of other followers.  #NotForTheIntellectuals #DrHandsomeDennis,1,1,0.95,1,1,1.0,1
What a great start to my morning  #smh,1,1,0.95,1,1,1.0,1
You guys seriously need to try this game #BananaBonanza,0,1,0.95,0,1,0.8515625,0
I'm not going to survive today w/o breaking down in tears at least twice and possibly passing out. All nighter @user library was a bad idea.,0,1,0.95,0,1,0.9921875,0
@user @user ??? #Liberal used in same sentence?? Unheard of!! Turn in your keyboard sir!,1,1,0.95,1,1,1.0,1
Successful morning doing my essay...  #ChristmasShopping,1,1,0.95,1,1,0.984375,1
@user I typed it with a lisp too! Hahah,0,1,0.95,0,1,1.0,0
Rangers league game with Alloa moved because of the Petrofac Cup final in April... #irony,1,1,0.95,1,1,1.0,1
"James Burke Connections, Episode 7 A Special Place: via @user #This is  /-\ #DRILL <()>",0,0,0.95,1,0,0.92578125,1
Thank god she doesn't get me to do this anymore!!! ellielippitt #barber  #hairdresser #blondie...,0,1,0.95,0,1,1.0,0
